{
  "age": {
    "precision": 1.0,
    "recall": 1.0,
    "f1-score": 1.0,
    "support": 3,
    "confused_with": {}
  },
  "name": {
    "precision": 0.8571428571428571,
    "recall": 1.0,
    "f1-score": 0.923076923076923,
    "support": 6,
    "confused_with": {}
  },
  "familiar": {
    "precision": 1.0,
    "recall": 1.0,
    "f1-score": 1.0,
    "support": 3,
    "confused_with": {}
  },
  "micro avg": {
    "precision": 0.9230769230769231,
    "recall": 1.0,
    "f1-score": 0.9600000000000001,
    "support": 12
  },
  "macro avg": {
    "precision": 0.9523809523809524,
    "recall": 1.0,
    "f1-score": 0.9743589743589743,
    "support": 12
  },
  "weighted avg": {
    "precision": 0.9285714285714285,
    "recall": 1.0,
    "f1-score": 0.9615384615384616,
    "support": 12
  }
}